Year,CrimeRate
2017,19.065332
2021,16.493704
2019,16.623667
2018,17.819002
2020,15.712001

